"Site","avg.bareground","se.bareground","number.quadrats.x","avg.veg","se.veg","number.quadrats.y","no.floralspp","total.ramets","total.flowers"
"FLO",0.72,0.227449628123093,25,98.44,0.447511638582358,25,11,186,1138
"FRED",5.6,0.918331820930394,25,89,1.04083299973307,25,9,140,925
"GLAZIK",2.4,0.404145188432738,25,89,1.491084616423,25,8,220,1115
"TRE",3.8,0.716472842006823,25,89.2,1.17898261225516,25,8,193,1064
"VRO",0.84,0.434664621672081,25,96.32,0.89948133202789,25,9,240,934
