"Site","avg.bareground","se.bareground","number.quadrats.x","avg.veg","se.veg","number.quadrats.y","no.floralspp","total.ramets","total.flowers"
"FLO",0.777777777777778,0.54715876676645,9,96.8888888888889,1.82911973701715,9,5,42,254
"FRED",1.22222222222222,0.493788578739755,9,91,1.54560308258262,9,5,39,130
"GLAZIK",8.11111111111111,4.26694154207165,9,84,4.57043640026736,9,5,88,244
"TRE",3.44444444444444,0.626079314976925,9,88.3333333333333,1.66666666666667,9,6,34,54
"VRO",4.77777777777778,2.62878181429355,9,102.444444444444,12.4310443727601,9,4,82,235
