"Site","avg.bareground","se.bareground","number.quadrats.x","avg.veg","se.veg","number.quadrats.y","avg.tallplant","se.tallplant","number.quadrats","no.floralspp","total.ramets","total.flowers"
"FLO",0.777777777777778,0.54715876676645,9,96.8888888888889,1.82911973701715,9,169.333333333333,6.81501610008696,9,5,42,254
"FRED",1.22222222222222,0.493788578739755,9,91,1.54560308258262,9,121.555555555556,7.37320808948616,9,5,39,130
"GLAZIK",8.11111111111111,4.26694154207165,9,84,4.57043640026736,9,130.333333333333,6.47430819985168,9,5,88,244
"TRE",3.44444444444444,0.626079314976925,9,88.3333333333333,1.66666666666667,9,139.777777777778,6.44588106592492,9,6,34,54
"VRO",4.77777777777778,2.62878181429355,9,91.4444444444444,3.16276562833117,9,120.888888888889,7.76824813019935,9,4,82,235
